ST-117,37.575794,126.971451,16,3
ST-118,37.575947,126.97406,12,3
ST-119,37.57177,126.974663,8,0
ST-120,37.572113,126.977577,7,0
ST-121,37.572582,126.978355,16,2
ST-122,37.570808,126.976433,9,0
ST-123,37.57,126.9711,11,0
ST-124,37.569969,126.973938,10,2
ST-125,37.569889,126.976456,13,0
ST-130,37.579708,126.980858,10,0
ST-131,37.57597,126.983063,9,0
ST-132,37.570396,126.981789,12,2
ST-142,37.576241,126.98616,19,0
ST-143,37.573357,126.987465,10,3
ST-144,37.570396,126.98819,11,0
ST-145,37.568344,126.987892,8,0
ST-150,37.570599,126.991791,10,0
ST-151,37.570198,126.991257,10,0
ST-153,37.578979,126.996475,5,0
ST-154,37.570957,126.997124,18,2
ST-155,37.571068,126.998192,10,0
ST-156,37.585629,127.000679,8,3
ST-157,37.58157,127.001785,10,0
ST-158,37.579784,127.002533,10,0
ST-159,37.575432,127.004982,12,3
ST-160,37.574036,127.006721,10,4
ST-161,37.573307,127.00071,15,0
ST-183,37.572029,126.960785,14,1
ST-165,37.576332,126.96859,7,3
ST-167,37.585079,126.970619,8,1
ST-168,37.583416,126.985237,15,3
ST-169,37.579388,126.984947,8,0
ST-170,37.579155,126.98896,10,3
ST-171,37.576508,127.002457,15,0
ST-172,37.577145,127.00206,15,0
ST-173,37.5825,126.998535,13,0
ST-174,37.576061,126.997681,8,2
ST-175,37.573242,127.015907,10,1
ST-176,37.572224,127.022705,10,4
ST-177,37.57576,127.022835,10,3
ST-178,37.579334,127.015083,8,100
ST-180,37.573849,126.958694,8,100
ST-181,37.569248,126.980537,12,2
ST-182,37.575493,126.9785,20,0
ST-336,37.569836,126.982658,10,0
ST-337,37.590233,126.99852,10,1
ST-444,37.585735,127.00161,10,0
ST-1372,37.570141,127.009377,10,2
ST-1373,37.56749,126.965919,15,3
ST-1374,37.568855,126.964561,8,4
ST-1432,37.57048,126.996635,13,0
ST-938,37.600128,126.957832,10,3
ST-939,37.603992,126.961945,10,3
ST-941,37.608719,126.972862,10,3
ST-978,37.583603,126.972549,20,3
ST-979,37.583515,126.979668,13,0
ST-1605,37.571239,127.00441,13,0
ST-1606,37.57114,127.000671,10,0
ST-1607,37.570358,126.986382,13,0
ST-1608,37.570961,127.006058,8,0
ST-1609,37.574471,127.019829,10,3
ST-1610,37.57132,127.00721,10,0
ST-1611,37.569939,126.977539,11,0
ST-1619,37.574364,126.972366,10,3
ST-116,37.56805,126.969231,7,0
ST-126,37.568878,126.97747,10,0
ST-127,37.566612,126.97747,35,0
ST-128,37.564674,126.976738,7,0
ST-129,37.556961,126.971771,5,3
ST-134,37.568527,126.982552,10,0
ST-136,37.566223,126.983589,20,0
ST-137,37.565464,126.984138,15,2
ST-138,37.564476,126.986969,15,0
ST-140,37.56134,126.9804,10,2
ST-146,37.568165,126.984978,10,2
ST-147,37.566383,126.987206,10,0
ST-148,37.56599,126.987793,5,0
ST-152,37.562618,126.992836,10,0
ST-162,37.569183,127.00988,10,100
ST-163,37.565331,127.007843,18,0
ST-185,37.563229,126.974838,8,100
ST-186,37.558872,127.005539,10,0
ST-187,37.554295,127.0112,10,3
ST-188,37.555859,127.013855,8,1
ST-189,37.560474,127.014076,10,1
ST-190,37.563717,127.018425,8,1
ST-193,37.569805,127.016953,10,100
ST-194,37.556,126.973358,7,0
ST-195,37.563866,127.002747,8,0
ST-196,37.558533,127.006989,10,0
ST-197,37.555199,127.010048,7,3
ST-198,37.565849,127.016403,17,3
ST-199,37.55978,126.968506,10,3
ST-338,37.566994,127.003464,10,2
ST-943,37.56673,126.996605,10,0
ST-944,37.56139,126.995354,10,0
ST-977,37.565437,126.973305,8,0
ST-1435,37.566559,126.992439,8,0
ST-1436,37.554108,126.965408,15,3
ST-1437,37.5644,126.991432,10,0
ST-1438,37.549889,127.007347,8,3
ST-1439,37.562172,127.006264,8,3
ST-1440,37.5709,127.019524,15,1
ST-1668,37.566345,126.982292,10,0
ST-1669,37.561489,127.023933,10,3
ST-1670,37.556862,126.975616,10,0
ST-946,37.555367,126.968643,20,1
ST-3,37.549561,126.905754,5,100
ST-4,37.555649,126.910629,20,0
ST-5,37.554951,126.910835,14,3
ST-6,37.550629,126.914986,13,0
ST-7,37.550007,126.914825,5,0
ST-8,37.548645,126.912827,10,100
ST-9,37.55751,126.918503,5,100
ST-10,37.552746,126.918617,10,2
ST-11,37.547691,126.919983,10,0
ST-15,37.547871,126.923531,10,3
ST-16,37.549202,126.923203,10,0
ST-18,37.557499,126.923805,25,100
ST-20,37.55706,126.924423,15,100
ST-19,37.547733,126.931763,10,3
ST-21,37.545284,126.931053,10,4
ST-22,37.545242,126.934113,5,1
ST-23,37.549767,126.933174,15,3
ST-24,37.547249,126.939293,10,4
ST-26,37.55114,126.936989,20,3
ST-27,37.549484,126.93895,15,0
ST-28,37.550411,126.943848,20,0
ST-29,37.55352,126.936951,15,3
ST-31,37.555054,126.937569,15,0
ST-32,37.554859,126.936157,10,0
ST-38,37.556004,126.942299,7,3
ST-200,37.557201,126.955666,11,3
ST-201,37.544579,126.950218,9,3
ST-202,37.543579,126.951324,10,1
ST-203,37.54425,126.951637,9,3
ST-204,37.539936,126.945824,12,3
ST-205,37.539272,126.945915,7,1
ST-206,37.542347,126.943024,11,100
ST-207,37.552956,126.934341,15,3
ST-208,37.555687,126.905548,10,100
ST-209,37.55661,126.898018,30,1
ST-210,37.564697,126.912613,12,3
ST-211,37.560909,126.905495,13,1
ST-212,37.56855,126.914513,15,1
ST-213,37.549904,126.955147,10,1
ST-214,37.553001,126.956688,12,1
ST-1477,37.568722,126.896225,10,3
ST-339,37.551342,126.902672,15,3
ST-340,37.551567,126.902847,10,4
ST-341,37.565166,126.919395,15,3
ST-342,37.558949,126.907753,9,4
ST-343,37.542545,126.934296,15,4
ST-344,37.563965,126.898209,40,3
ST-443,37.566845,126.896446,30,3
ST-110,37.587524,126.883003,15,4
ST-76,37.586189,126.881615,15,1
ST-77,37.582855,126.879822,20,1
ST-78,37.58559,126.884727,20,1
ST-80,37.582657,126.885788,8,2
ST-81,37.581314,126.880585,15,3
ST-83,37.580631,126.883675,8,3
ST-84,37.580811,126.88665,20,2
ST-86,37.579399,126.88916,25,2
ST-88,37.577496,126.887772,10,3
ST-90,37.577995,126.891472,9,2
ST-91,37.575802,126.890739,20,2
ST-92,37.571476,126.889687,9,3
ST-94,37.57822,126.89447,8,2
ST-95,37.577469,126.897362,10,100
ST-96,37.575665,126.894447,12,3
ST-93,37.575069,126.899918,20,3
ST-89,37.570721,126.898979,10,0
ST-87,37.56842,126.899429,21,0
ST-85,37.566246,126.896179,40,0
ST-82,37.565903,126.901184,8,1
ST-968,37.569084,126.894424,13,0
ST-990,37.57362,126.898048,15,3
ST-991,37.584503,126.885597,10,2
ST-992,37.549061,126.954178,10,0
ST-1397,37.569584,126.903816,10,1
ST-1494,37.563339,126.908203,10,0
ST-1675,37.556591,126.94619,10,3
ST-1691,37.54821,126.941383,12,0
ST-1692,37.56472,126.906769,15,1
ST-1693,37.535751,126.944038,10,3
ST-13,37.568199,126.917847,20,3
ST-12,37.558933,126.927116,15,0
ST-14,37.564541,126.927071,5,100
ST-17,37.59116,126.94133,25,3
ST-25,37.59433,126.947388,20,1
ST-30,37.555496,126.93634,20,0
ST-33,37.584171,126.911102,23,4
ST-35,37.582031,126.908997,15,4
ST-36,37.557892,126.93808,8,0
ST-37,37.559101,126.939178,10,0
ST-39,37.556812,126.943184,10,100
ST-40,37.559177,126.934525,10,3
ST-43,37.559795,126.934479,13,0
ST-41,37.560009,126.940735,20,0
ST-42,37.562382,126.932648,20,0
ST-215,37.571259,126.96048,15,1
ST-216,37.556953,126.946342,7,100
ST-217,37.557549,126.959381,20,3
ST-218,37.582245,126.950645,8,1
ST-219,37.565269,126.946243,15,1
ST-220,37.583698,126.924965,7,3
ST-221,37.574478,126.910049,10,1
ST-222,37.575138,126.91394,20,1
ST-223,37.573277,126.919678,20,4
ST-224,37.57946,126.91713,15,3
ST-226,37.573002,126.907799,15,3
ST-227,37.573112,126.922447,10,4
ST-228,37.564724,126.967278,10,0
ST-229,37.573254,126.935722,8,1
ST-230,37.564777,126.966148,8,3
ST-231,37.578072,126.930817,20,1
ST-555,37.581097,126.924026,10,100
ST-345,37.577675,126.909805,8,1
ST-349,37.579876,126.906349,10,1
ST-232,37.569122,126.914795,15,0
ST-233,37.559967,126.962463,10,1
ST-346,37.586388,126.935127,10,4
ST-347,37.578892,126.910736,10,1
ST-348,37.572227,126.923065,10,1
ST-350,37.577316,126.902969,10,0
ST-351,37.567657,126.917809,10,3
ST-352,37.56612,126.925896,10,3
ST-354,37.562138,126.963776,15,3
ST-1188,37.557396,126.952164,8,3
ST-1189,37.578381,126.936096,15,0
ST-1190,37.567966,126.931725,10,4
ST-1491,37.5867,126.94677,8,1
ST-1492,37.558128,126.956207,13,3
ST-1493,37.597149,126.93853,12,3
ST-1643,37.574909,126.926147,7,100
ST-1644,37.56974,126.933327,7,1
ST-1195,37.55125,127.035103,10,100
ST-1197,37.56461,127.029198,10,3
ST-1198,37.566261,127.023697,10,1
ST-1199,37.542816,127.042084,20,3
ST-1336,37.562607,127.051308,10,1
ST-1377,37.561245,127.048851,9,3
ST-1599,37.546089,127.02507,15,1
ST-1601,37.56179,127.024391,8,3
ST-1616,37.560146,127.02636,15,1
ST-1617,37.554779,127.024841,15,3
ST-1618,37.56068,127.026779,15,3
ST-1659,37.550892,127.044762,14,0
ST-103,37.549061,127.057793,7,2
ST-104,37.548203,127.057114,7,2
ST-105,37.545166,127.05751,10,2
ST-106,37.539654,127.052589,20,2
ST-107,37.541222,127.0438,10,3
ST-108,37.544582,127.044609,16,0
ST-109,37.548561,127.045006,15,0
ST-111,37.546307,127.049805,13,2
ST-112,37.54258,127.063309,7,2
ST-234,37.571526,127.035355,20,0
ST-235,37.566994,127.029915,20,3
ST-236,37.563858,127.030319,10,3
ST-237,37.561447,127.03492,14,3
ST-238,37.548641,127.016426,9,3
ST-239,37.543663,127.014061,11,3
ST-240,37.5522,127.025055,10,1
ST-241,37.558052,127.040352,20,0
ST-242,37.563511,127.056725,10,0
ST-243,37.561371,127.06366,15,3
ST-244,37.568748,127.030403,9,1
ST-245,37.548149,127.021088,7,1
ST-246,37.548634,127.025726,20,3
ST-247,37.553986,127.033592,16,3
ST-248,37.55735,127.029213,8,4
ST-249,37.560356,127.041397,10,0
ST-250,37.56765,127.051155,15,3
ST-251,37.57164,127.03566,15,0
ST-357,37.542053,127.020401,20,3
ST-358,37.567642,127.025696,10,3
ST-359,37.564606,127.036522,20,0
ST-360,37.561096,127.036797,10,0
ST-361,37.551205,127.068932,8,100
ST-362,37.542816,127.04467,10,3
ST-363,37.559246,127.07341,10,4
ST-364,37.547913,127.062752,10,100
ST-365,37.547928,127.015572,15,3
ST-366,37.541363,127.017662,20,1
ST-368,37.54459,127.057083,15,2
ST-369,37.571102,127.02356,10,1
ST-370,37.549583,127.030243,10,1
ST-371,37.548286,127.062088,8,100
ST-372,37.565205,127.041847,8,3
ST-373,37.554493,127.02021,6,3
ST-374,37.561012,127.054237,13,1
ST-375,37.543179,127.04908,10,0
ST-376,37.56797,127.04689,20,1
ST-446,37.536808,127.055489,9,100
ST-447,37.565941,127.045395,10,1
ST-482,37.545418,127.052643,10,2
ST-506,37.544159,127.056656,8,100
ST-967,37.558365,127.056908,15,0
ST-1738,0.0,0.0,2,3
ST-983,37.557587,127.079697,10,0
ST-984,37.539501,127.083,10,4
ST-985,37.565659,127.084297,15,3
ST-986,37.550488,127.108955,20,3
ST-987,37.538052,127.076599,8,3
ST-988,37.535221,127.068398,12,3
ST-1191,37.537014,127.061096,10,3
ST-1192,37.545952,127.078003,25,3
ST-1193,37.548222,127.067879,10,4
ST-1194,37.553417,127.073196,20,100
ST-1427,37.568649,127.08625,10,1
ST-1271,37.543705,127.093246,10,1
ST-1266,37.562527,127.082275,10,100
ST-1263,37.556862,127.07914,8,100
ST-1378,37.542519,127.084084,10,100
ST-1379,37.543427,127.096619,10,1
ST-1429,37.541718,127.08017,10,100
ST-1428,37.550236,127.073822,15,0
ST-1602,37.550598,127.110512,8,2
ST-1603,37.549789,127.075928,15,0
ST-1660,37.539139,127.070618,10,100
ST-1661,37.540138,127.069283,12,0
ST-1662,37.559158,127.087517,10,100
ST-1663,37.531811,127.080742,10,100
ST-1664,37.548489,127.093758,15,1
ST-1690,37.541248,127.06604,20,3
ST-97,37.54707,127.074272,10,0
ST-98,37.537308,127.070351,15,0
ST-99,37.53186,127.067192,27,3
ST-100,37.536667,127.073593,15,3
ST-101,37.53297,127.075935,9,100
ST-102,37.53701,127.082245,10,4
ST-113,37.530235,127.08683,10,4
ST-114,37.548405,127.069366,10,1
ST-252,37.559795,127.074203,10,4
ST-253,37.55603,127.078644,8,1
ST-254,37.535465,127.094482,19,3
ST-255,37.535969,127.094673,20,0
ST-256,37.54073,127.102905,20,1
ST-257,37.532478,127.085091,8,4
ST-258,37.52977,127.07486,20,4
ST-259,37.551224,127.089706,10,100
ST-377,37.540062,127.094498,10,1
ST-378,37.536579,127.092972,10,3
ST-379,37.571255,127.079803,10,4
ST-381,37.537849,127.092171,10,1
ST-382,37.548496,127.07476,20,0
ST-383,37.56538,127.08651,20,3
ST-384,37.545231,127.084732,10,4
ST-385,37.551849,127.088982,20,1
ST-386,37.564293,127.086937,10,3
ST-387,37.54483,127.104263,10,3
ST-388,37.546547,127.106133,10,1
ST-445,37.547829,127.072632,20,3
ST-483,37.532688,127.067497,15,1
ST-972,37.53989,127.073364,20,0
ST-973,37.542778,127.075371,5,100
ST-974,37.541912,127.077637,30,2
ST-980,37.528587,127.077873,5,100
ST-260,37.589912,127.06868,10,3
ST-261,37.575947,127.037361,10,3
ST-262,37.572174,127.071388,10,100
ST-264,37.569656,127.055962,15,1
ST-265,37.5742,127.026497,8,0
ST-266,37.584625,127.07029,6,4
ST-267,37.602711,127.067863,10,3
ST-269,37.587791,127.037361,20,3
ST-270,37.573086,127.052162,10,1
ST-271,37.573666,127.030815,20,3
ST-272,37.575272,127.023468,10,0
ST-273,37.577686,127.031013,20,3
ST-274,37.576382,127.03511,20,1
ST-275,37.582561,127.054367,20,3
ST-276,37.574203,127.057693,20,1
ST-389,37.574718,127.053391,13,3
ST-390,37.577793,127.057831,15,1
ST-391,37.583698,127.053856,20,0
ST-392,37.574188,127.045891,10,100
ST-393,37.568192,127.057175,9,100
ST-394,37.561153,127.070969,10,1
ST-395,37.578632,127.071907,10,1
ST-396,37.586815,127.067543,15,3
ST-397,37.574852,127.040306,15,1
ST-398,37.568184,127.051277,15,0
ST-400,37.580406,127.044823,8,100
ST-401,37.59602,127.05983,20,0
ST-402,37.587517,127.052773,12,1
ST-403,37.5909,127.042587,10,0
ST-404,37.591614,127.045792,10,3
ST-405,37.583008,127.060974,20,0
ST-406,37.585197,127.060951,14,0
ST-407,37.582455,127.044495,6,4
ST-408,37.573753,127.038536,10,3
ST-409,37.570156,127.048584,7,4
ST-410,37.566971,127.074417,10,100
ST-1298,37.561867,127.064377,10,100
ST-1299,37.602798,127.067268,10,1
ST-1300,37.5667,127.062424,15,4
ST-1302,37.591534,127.067741,20,1
ST-1303,37.582748,127.048279,10,3
ST-1447,37.57653,127.065941,20,3
ST-1449,37.577621,127.052109,10,1
ST-1628,37.587238,127.043137,10,1
ST-1629,37.57576,127.04837,13,1
ST-1630,37.572948,127.066147,10,3
ST-1631,37.57835,127.033386,15,3
ST-1632,37.577999,127.037628,10,0
ST-1625,37.594601,127.051964,10,100
ST-1671,37.594891,127.063026,10,3
ST-45,37.528728,126.914925,20,2
ST-46,37.531239,126.921333,15,2
ST-47,37.528816,126.92453,30,2
ST-50,37.528164,126.917023,13,100
ST-52,37.526264,126.920509,20,100
ST-53,37.524666,126.918022,35,2
ST-73,37.526989,126.932098,40,1
ST-55,37.524612,126.927834,12,100
ST-56,37.526066,126.925537,21,2
ST-57,37.522228,126.924637,13,0
ST-58,37.521362,126.923462,35,0
ST-59,37.521908,126.918953,15,0
ST-60,37.523022,126.920837,20,0
ST-64,37.524837,126.934906,10,3
ST-65,37.523491,126.932899,10,1
ST-66,37.522079,126.930367,10,100
ST-61,37.523277,126.929237,20,0
ST-62,37.520695,126.925835,12,0
ST-63,37.519363,126.926048,30,0
ST-67,37.522675,126.93779,10,4
ST-68,37.519436,126.937599,12,100
ST-69,37.519314,126.933167,20,3
ST-70,37.520088,126.932365,20,0
ST-71,37.517368,126.929253,26,0
ST-72,37.517765,126.928413,20,0
ST-277,37.544666,126.888359,10,4
ST-278,37.53846,126.894508,10,1
ST-279,37.535873,126.892181,20,0
ST-413,37.524635,126.896217,10,0
ST-280,37.524506,126.891823,10,3
ST-281,37.52565,126.887817,20,3
ST-282,37.528488,126.891647,10,0
ST-283,37.500462,126.905846,10,3
ST-284,37.504566,126.910233,10,3
ST-285,37.516155,126.894615,10,0
ST-287,37.526386,126.902756,10,1
ST-288,37.525852,126.903282,20,3
ST-289,37.518738,126.895576,10,0
ST-290,37.505329,126.898483,10,4
ST-291,37.510933,126.910225,15,1
ST-292,37.527084,126.89138,15,0
ST-293,37.530079,126.905708,20,1
ST-294,37.528263,126.896629,10,1
ST-295,37.533688,126.902107,15,0
ST-296,37.531055,126.92421,10,0
ST-297,37.52412,126.936546,8,100
ST-298,37.507641,126.92308,10,1
ST-299,37.504494,126.921951,10,1
ST-300,37.499977,126.920036,10,3
ST-301,37.500648,126.909515,10,3
ST-302,37.503803,126.903419,10,4
ST-303,37.506573,126.901131,10,4
ST-304,37.509476,126.8993,10,1
ST-305,37.513844,126.919357,10,100
ST-306,37.517693,126.914299,14,4
ST-307,37.513592,126.925934,17,100
ST-414,37.53368,126.912086,15,0
ST-416,37.519928,126.889183,12,3
ST-417,37.517151,126.888626,12,1
ST-418,37.521931,126.891617,15,3
ST-419,37.521133,126.896538,15,3
ST-420,37.520294,126.901192,10,3
ST-421,37.535961,126.8983,10,3
ST-422,37.534718,126.900002,10,0
ST-424,37.522343,126.927101,10,2
ST-425,37.518963,126.921616,10,3
ST-426,37.535339,126.903679,20,4
ST-1319,37.516651,126.90799,10,100
ST-1320,37.522816,126.885651,10,100
ST-1321,37.518284,126.912636,10,4
ST-1322,37.520119,126.905167,10,0
ST-1323,37.507931,126.895233,10,100
ST-1353,37.513229,126.904465,15,1
ST-1539,37.532101,126.89444,10,4
ST-1540,37.498241,126.893982,8,1
ST-1541,37.48753,126.904877,10,3
ST-1649,37.522518,126.907219,15,4
ST-1650,37.518211,126.902229,12,2
ST-1651,37.499859,126.89724,8,3
ST-1652,37.494572,126.89975,8,100
ST-1653,37.525768,126.905739,10,4
ST-1677,37.528099,126.893387,10,3
ST-1697,37.499809,126.898003,10,3
ST-1698,37.531509,126.897827,12,1
ST-1699,37.513851,126.89888,14,100
ST-1700,37.51012,126.904068,10,1
ST-1701,37.529171,126.907578,15,4
ST-308,37.546848,126.872772,20,1
ST-309,37.532803,126.86393,8,4
ST-310,37.532543,126.868729,16,1
ST-311,37.524063,126.87558,12,100
ST-312,37.523254,126.864906,15,0
ST-313,37.521881,126.851753,15,3
ST-314,37.515156,126.854897,10,1
ST-315,37.51897,126.869965,16,3
ST-316,37.511585,126.84156,20,3
ST-317,37.510658,126.842537,12,3
ST-318,37.517059,126.848488,20,3
ST-319,37.516998,126.838318,14,1
ST-320,37.533047,126.829956,20,3
ST-321,37.532547,126.830803,10,1
ST-428,37.517281,126.864334,15,3
ST-431,37.530369,126.864258,10,3
ST-432,37.516197,126.8349,10,3
ST-993,37.521435,126.857384,10,4
ST-994,37.529163,126.872749,15,100
ST-995,37.510681,126.857399,15,3
ST-996,37.524334,126.850548,15,3
ST-997,37.534389,126.869598,15,4
ST-1000,37.51038,126.866798,10,100
ST-1002,37.5299,126.876541,10,100
ST-1003,37.539551,126.8283,10,3
ST-1004,37.514099,126.831001,10,1
ST-1005,37.51395,126.856056,10,4
ST-1006,37.53643,126.871521,10,4
ST-1007,37.52219,126.8367,10,4
ST-1008,37.52256,126.84948,10,4
ST-1010,37.536201,126.827797,15,1
ST-1011,37.536369,126.831711,10,1
ST-1012,37.53952,126.825401,10,3
ST-1013,37.550732,126.864578,10,3
ST-1014,37.5089,126.842682,10,1
ST-1015,37.543842,126.882545,10,2
ST-1016,37.522282,126.839699,10,1
ST-1017,37.536503,126.877747,10,0
ST-1018,37.53458,126.875648,10,3
ST-1019,37.530251,126.879303,15,0
ST-1350,37.537228,126.886612,10,0
ST-1398,37.512157,126.835625,10,4
ST-1400,37.542183,126.863304,10,4
ST-1495,37.541142,126.876678,10,100
ST-1496,37.537868,126.881409,10,3
ST-1497,37.52668,126.876167,10,2
ST-1498,37.514278,126.828743,10,3
ST-1499,37.514721,126.8592,10,1
ST-1500,37.524071,126.8386,10,1
ST-1501,37.506821,126.844299,10,3
ST-1503,37.524551,126.877052,10,3
ST-1504,37.511318,126.85862,10,1
ST-1505,37.531029,126.875893,30,0
ST-322,37.532433,126.954742,15,1
ST-324,37.541153,127.002213,10,0
ST-325,37.538139,127.004097,10,3
ST-326,37.536758,126.970001,9,1
ST-327,37.533066,126.960732,20,0
ST-328,37.552277,126.972687,10,3
ST-329,37.520504,126.989738,10,3
ST-330,37.530167,127.007439,10,3
ST-331,37.53841,126.986649,10,3
ST-332,37.53508,126.985382,20,3
ST-333,37.53484,126.977661,20,3
ST-334,37.533512,126.972275,20,3
ST-335,37.518509,126.978798,20,1
ST-435,37.530148,126.968483,15,0
ST-436,37.533451,126.971733,9,3
ST-437,37.544895,126.969383,15,3
ST-438,37.541653,126.970505,12,3
ST-439,37.549026,126.971947,10,1
ST-440,37.522041,126.965523,10,3
ST-441,37.54232,126.96196,10,3
ST-442,37.520336,126.994263,15,1
ST-1324,37.541885,126.97966,20,3
ST-1325,37.544079,126.972,7,3
ST-1326,37.52293,126.961693,40,3
ST-1327,37.534424,126.94857,10,1
ST-1328,37.534279,126.988564,15,0
ST-1339,37.521282,126.973465,15,1
ST-1341,37.539009,126.96138,15,1
ST-1342,37.541981,126.971542,10,3
ST-1343,37.531422,126.9515,15,3
ST-1344,37.52906,127.006729,10,1
ST-1376,37.54446,126.972389,8,3
ST-1441,37.52401,127.00145,10,1
ST-1442,37.523651,126.970268,10,3
ST-1443,37.52961,126.968872,15,0
ST-1445,37.533798,126.98867,10,0
ST-1446,37.527149,126.955162,11,1
ST-1615,37.5327,126.964378,22,0
ST-1721,37.546638,126.981041,15,1
ST-448,37.603943,126.927696,20,3
ST-449,37.600975,126.926956,10,1
ST-450,37.643108,126.918221,10,3
ST-451,37.645866,126.927391,20,1
ST-452,37.648674,126.930702,18,1
ST-453,37.636234,126.918999,11,100
ST-454,37.61721,126.919579,10,100
ST-455,37.599491,126.916862,10,100
ST-456,37.613186,126.917351,10,3
ST-457,37.586994,126.922882,10,3
ST-459,37.605583,126.922935,10,1
ST-460,37.589661,126.916946,10,100
ST-461,37.6007,126.920128,15,0
ST-462,37.590797,126.913651,20,100
ST-463,37.584381,126.909897,10,4
ST-464,37.607849,126.921326,7,4
ST-465,37.601299,126.935349,9,2
ST-467,37.607025,126.933311,10,3
ST-469,37.630016,126.919029,10,3
ST-470,37.617802,126.921967,10,3
ST-471,37.620949,126.925636,10,1
ST-472,37.628517,126.929581,15,3
ST-473,37.609566,126.930977,8,0
ST-474,37.611179,126.929665,8,0
ST-475,37.617855,126.922523,10,0
ST-476,37.641315,126.938042,15,3
ST-478,37.601662,126.920303,7,4
ST-479,37.604736,126.915337,10,100
ST-480,37.610004,126.916397,10,3
ST-481,37.612484,126.914879,10,4
ST-1020,37.597141,126.909599,15,1
ST-1021,37.605202,126.922112,7,4
ST-1023,37.645851,126.923798,15,3
ST-1024,37.644684,126.918457,15,3
ST-1025,37.6017,126.927422,15,3
ST-1027,37.637222,126.933304,13,3
ST-1028,37.644081,126.929283,9,1
ST-1029,37.602402,126.92865,10,3
ST-1031,37.63414,126.932343,10,1
ST-1032,37.618439,126.932884,10,1
ST-1033,37.622669,126.919991,10,1
ST-1034,37.577202,126.902351,10,3
ST-1035,37.619781,126.920807,7,0
ST-1036,37.610779,126.917351,5,1
ST-1037,37.619305,126.920593,15,3
ST-1038,37.62265,126.925247,10,1
ST-1039,37.625778,126.928818,10,1
ST-1329,37.642609,126.921478,10,3
ST-1331,37.594376,126.918159,9,4
ST-1479,37.600361,126.922813,13,3
ST-1480,37.643661,126.914558,10,0
ST-1481,37.638252,126.919456,15,2
ST-1482,37.61097,126.92981,8,0
ST-1483,37.639259,126.918907,10,0
ST-1484,37.614429,126.932579,13,1
ST-1485,37.616112,126.925041,10,1
ST-1486,37.593479,126.923187,10,3
ST-1487,37.609032,126.934677,10,0
ST-1488,37.60891,126.932419,13,0
ST-1489,37.64209,126.929413,7,1
ST-1490,37.64386,126.931877,9,1
ST-1674,37.602329,126.906548,10,3
ST-485,37.541805,127.124718,15,0
ST-486,37.545219,127.125916,10,4
ST-487,37.543915,127.125458,20,3
ST-488,37.553349,127.12886,10,100
ST-490,37.55492,127.142799,15,3
ST-491,37.559517,127.130844,16,3
ST-492,37.549549,127.127151,10,100
ST-493,37.538658,127.124214,20,0
ST-494,37.534481,127.138344,20,3
ST-495,37.534771,127.135239,20,1
ST-496,37.536026,127.122726,15,0
ST-497,37.530773,127.120926,15,0
ST-498,37.5508,127.142624,15,3
ST-499,37.550079,127.146912,13,3
ST-500,37.559399,127.171158,10,1
ST-501,37.535473,127.145172,20,1
ST-830,37.524681,127.135406,20,0
ST-502,37.526825,127.130028,10,100
ST-503,37.52829,127.126801,15,3
ST-504,37.564301,127.17395,15,3
ST-505,37.533764,127.138031,20,3
ST-1040,37.549999,127.17469,15,2
ST-1041,37.529251,127.123108,10,0
ST-1042,37.546841,127.172516,10,3
ST-1043,37.546631,127.155884,14,1
ST-1044,37.535999,127.147697,20,3
ST-1045,37.5331,127.12278,10,1
ST-1046,37.536541,127.125397,10,100
ST-1047,37.527061,127.12207,15,1
ST-1048,37.555851,127.129898,15,3
ST-1049,37.556728,127.136208,20,3
ST-1050,37.557991,127.144707,10,4
ST-1051,37.561909,127.150749,15,3
ST-1052,37.555016,127.155273,20,0
ST-1053,37.551998,127.153297,10,3
ST-1054,37.562588,127.177612,10,1
ST-1055,37.568668,127.174797,10,3
ST-1056,37.561279,127.167801,7,1
ST-1058,37.559196,127.153297,10,1
ST-1059,37.568562,127.177002,10,1
ST-1061,37.545399,127.142601,15,4
ST-1369,37.536381,127.137253,10,1
ST-1370,37.531013,127.142365,10,100
ST-1371,37.56118,127.180267,10,1
ST-1420,37.526695,127.135529,15,3
ST-1421,37.554829,127.137321,15,1
ST-1593,37.556469,127.156822,10,0
ST-1594,37.562538,127.164528,8,3
ST-1595,37.560009,127.169579,10,3
ST-1597,37.563332,127.179092,10,1
ST-1598,37.55579,127.173813,15,3
ST-1623,37.553471,127.165001,12,3
ST-1626,37.538181,127.131752,15,1
ST-1620,37.544659,127.132637,8,1
ST-1621,37.546928,127.134621,10,1
ST-1622,37.551079,127.162621,15,1
ST-1686,37.56382,127.132843,10,3
ST-507,37.581612,126.798599,10,3
ST-508,37.573643,126.811806,10,1
ST-831,37.577221,126.812195,10,1
ST-509,37.581623,126.812653,10,3
ST-824,37.573032,126.816452,10,4
ST-510,37.56356,126.81015,8,3
ST-511,37.563347,126.810486,6,1
ST-828,37.562683,126.816238,10,1
ST-512,37.566982,126.8218,15,3
ST-513,37.568577,126.824776,15,0
ST-514,37.573093,126.822899,15,1
ST-515,37.572781,126.826279,15,3
ST-833,37.551666,126.86409,10,1
ST-834,37.558197,126.844261,10,0
ST-516,37.557461,126.861458,10,1
ST-517,37.554253,126.867561,6,100
ST-518,37.565189,126.853996,10,100
ST-519,37.559479,126.86438,15,0
ST-520,37.561932,126.863869,10,1
ST-522,37.557968,126.838287,10,0
ST-835,37.552914,126.836571,10,4
ST-523,37.548908,126.836563,7,3
ST-524,37.540981,126.838547,10,0
ST-829,37.541412,126.840225,10,0
ST-525,37.542099,126.840218,7,0
ST-526,37.542751,126.842621,7,3
ST-527,37.546444,126.845459,8,100
ST-528,37.551109,126.863708,10,3
ST-530,37.546532,126.862549,10,4
ST-531,37.544788,126.862,10,3
ST-532,37.541431,126.86322,10,3
ST-533,37.536991,126.863365,8,100
ST-534,37.531399,126.863609,15,1
ST-535,37.52906,126.84848,10,100
ST-536,37.528919,126.848083,10,1
ST-537,37.530338,126.838257,10,4
ST-538,37.54147,126.84478,10,4
ST-975,37.567284,126.818275,13,3
ST-1062,37.56155,126.810478,10,3
ST-1063,37.560234,126.823471,25,0
ST-1064,37.558666,126.826614,10,2
ST-1065,37.558891,126.837219,10,2
ST-1067,37.56926,126.848419,10,100
ST-1069,37.550659,126.84977,8,100
ST-1249,37.561035,126.854813,20,0
ST-1250,37.565853,126.846596,20,0
ST-1251,37.56768,126.840897,20,3
ST-1252,37.549694,126.819664,10,0
ST-1253,37.562679,126.820473,10,4
ST-1254,37.570499,126.820084,10,1
ST-1338,37.568447,126.821648,20,3
ST-1351,37.562569,126.842461,10,1
ST-1352,37.553467,126.825928,15,100
ST-1402,37.560226,126.819069,10,4
ST-1506,37.547199,126.874489,8,3
ST-1507,37.549179,126.868797,11,3
ST-1508,37.550049,126.873161,8,4
ST-1509,37.561249,126.86058,8,3
ST-1510,37.556259,126.853317,15,1
ST-1511,37.556599,126.851471,9,3
ST-1512,37.554379,126.857536,15,3
ST-1514,37.55011,126.823677,10,4
ST-1515,37.572472,126.806168,10,0
ST-1517,37.557468,126.82972,15,3
ST-1518,37.551044,126.818497,10,0
ST-1519,37.556877,126.848808,20,3
ST-1520,37.548321,126.853401,10,3
ST-1645,37.55645,126.815979,15,4
ST-1646,37.562901,126.849472,10,1
ST-1647,37.554729,126.816093,10,3
ST-1676,37.55302,126.818367,15,3
ST-1709,37.560501,126.826653,10,0
ST-1689,37.560242,126.827164,9,0
ST-1710,37.555538,126.826759,10,4
ST-1688,37.559471,126.832077,15,100
ST-1711,37.563301,126.836823,10,2
ST-1712,37.564129,126.834312,20,2
ST-1713,37.568241,126.835831,15,0
ST-1714,37.560242,126.835808,20,2
ST-1715,37.56255,126.827438,20,0
ST-1694,37.547821,126.836128,13,3
ST-1695,37.578449,126.798973,10,0
ST-1718,37.565201,126.827316,15,100
ST-1727,37.56918,126.819443,20,3
ST-838,37.493179,127.118546,10,100
ST-737,37.493729,127.120621,20,0
ST-930,37.493343,127.14473,10,3
ST-539,37.510429,127.071373,15,0
ST-540,37.51128,127.078239,20,0
ST-738,37.499756,127.152504,10,4
ST-541,37.529675,127.119789,20,1
ST-542,37.520451,127.104202,20,0
ST-891,37.513126,127.10096,30,2
ST-739,37.512104,127.10778,7,3
ST-839,37.499413,127.112869,10,100
ST-543,37.50766,127.132736,20,1
ST-740,37.502594,127.127647,10,0
ST-544,37.516571,127.131538,15,0
ST-545,37.479305,127.129799,15,1
ST-892,37.508968,127.125839,12,3
ST-546,37.505692,127.084038,15,100
ST-933,37.5042,127.087532,10,100
ST-547,37.511982,127.085052,15,100
ST-548,37.512169,127.078934,15,3
ST-894,37.520077,127.112366,10,1
ST-895,37.493126,127.143822,10,1
ST-896,37.4977,127.146202,10,1
ST-549,37.490688,127.143127,15,3
ST-897,37.49567,127.130592,10,1
ST-840,37.514088,127.09903,10,0
ST-550,37.512089,127.096191,10,2
ST-551,37.510509,127.093369,9,3
ST-553,37.508339,127.088142,15,3
ST-899,37.480843,127.118011,20,0
ST-900,37.480576,127.118568,10,3
ST-901,37.481239,127.119797,15,3
ST-902,37.48209,127.119743,15,0
ST-903,37.484531,127.120163,20,100
ST-904,37.481537,127.122124,7,100
ST-905,37.479465,127.125328,10,3
ST-906,37.477509,127.126328,30,0
ST-907,37.478821,127.123512,15,0
ST-908,37.513962,127.121674,20,3
ST-909,37.505463,127.077347,10,4
ST-981,37.490047,127.110748,10,3
ST-1070,37.505932,127.10775,10,3
ST-1072,37.501652,127.128181,10,3
ST-1075,37.491131,127.125809,8,3
ST-1076,37.4921,127.117752,20,3
ST-1077,37.493198,127.128998,10,3
ST-1078,37.508984,127.126595,15,3
ST-1079,37.506302,127.121399,8,100
ST-1081,37.505802,127.109718,10,4
ST-1082,37.480541,127.137016,10,1
ST-1083,37.538582,127.122803,8,100
ST-1084,37.485989,127.124763,10,3
ST-1085,37.478809,127.120003,10,3
ST-1086,37.51424,127.12307,15,3
ST-1087,37.517288,127.114197,15,3
ST-1088,37.511944,127.091217,10,1
ST-1089,37.499985,127.135391,15,0
ST-1092,37.532848,127.121048,20,3
ST-1367,37.504589,127.139366,15,3
ST-1408,37.503757,127.137093,8,100
ST-1409,37.515831,127.106796,10,100
ST-1410,37.497517,127.154678,10,1
ST-1411,37.495659,127.157173,20,3
ST-1413,37.499874,127.141479,10,100
ST-1414,37.505455,127.131752,8,3
ST-1416,37.47747,127.144592,15,4
ST-1417,37.474377,127.140671,10,100
ST-1418,37.477531,127.141518,8,1
ST-1419,37.487999,127.131088,15,1
ST-1422,37.531471,127.111092,10,3
ST-1579,37.474659,127.137718,10,100
ST-1580,37.521938,127.131866,10,100
ST-1582,37.506561,127.096558,10,4
ST-1584,37.513962,127.100304,20,2
ST-1585,37.508678,127.103432,10,3
ST-1586,37.509201,127.104118,10,0
ST-1588,37.519878,127.136711,15,3
ST-1589,37.506939,127.139221,15,1
ST-1590,37.506748,127.098831,10,100
ST-1592,37.480801,127.130341,10,3
ST-1627,37.531311,127.111282,10,4
ST-1656,37.471298,127.12709,15,3
ST-1657,37.481739,127.143227,10,1
ST-1658,37.47065,127.127113,15,3
ST-1681,37.514359,127.106194,10,2
ST-1682,37.520489,127.135201,10,3
ST-1683,37.510441,127.106377,10,3
ST-1684,37.536331,127.11618,7,100
ST-1685,37.489071,127.109299,10,3
ST-1705,37.516781,127.090492,8,100
ST-1706,37.501862,127.117233,15,4
ST-1707,37.48835,127.120781,15,2
ST-1716,37.496078,127.140106,20,3
ST-1717,37.496181,127.138031,15,3
ST-1728,37.504711,127.087563,14,1
ST-1729,37.502338,127.096443,9,100
ST-1730,37.509979,127.112312,15,4
ST-1719,37.516659,127.116257,15,3
ST-1720,37.516258,127.130592,10,2
ST-825,37.588764,127.00631,5,1
ST-931,37.591694,127.012497,10,4
ST-826,37.594402,126.99231,15,3
ST-947,37.589329,127.016434,15,1
ST-842,37.588448,127.006706,10,1
ST-827,37.582592,127.028976,18,2
ST-844,0.0,0.0,1,3
ST-557,37.603245,127.014191,10,1
ST-559,37.60244,127.011688,8,1
ST-560,37.607761,127.003281,10,3
ST-562,37.607262,127.002838,20,3
ST-846,37.612774,127.006531,10,4
ST-563,37.603085,127.024788,10,0
ST-564,37.603043,127.033272,10,1
ST-597,37.599285,127.034622,10,100
ST-655,37.593288,127.036667,15,0
ST-565,37.598068,127.039276,10,4
ST-567,37.600433,127.040207,10,3
ST-571,37.605808,127.047737,10,0
ST-572,37.606068,127.047318,10,3
ST-574,37.607342,127.050682,10,3
ST-910,37.602627,127.041634,10,3
ST-578,37.613556,127.066093,10,1
ST-579,37.610523,127.059799,15,3
ST-580,37.612999,127.06131,10,0
ST-1200,37.591251,127.014008,20,1
ST-1201,37.590382,127.017136,10,1
ST-1202,37.586899,127.020752,15,1
ST-1203,37.610569,127.033508,9,1
ST-1204,37.61956,127.053802,8,3
ST-1206,37.592617,126.997932,15,3
ST-1207,37.589249,127.007378,10,1
ST-1208,37.600288,127.013702,10,3
ST-1210,37.608978,127.020248,15,4
ST-1211,37.607105,127.0215,20,1
ST-1212,37.604752,127.022758,12,0
ST-1213,37.623829,127.050201,10,3
ST-1215,37.579449,127.024193,8,3
ST-1216,37.583881,127.017097,8,1
ST-1217,37.60083,127.023552,8,1
ST-1317,37.590714,127.036194,10,100
ST-1347,37.588699,127.018913,20,4
ST-1383,37.612072,127.008133,20,3
ST-1384,37.60479,127.010582,7,1
ST-1385,37.619801,127.045097,20,3
ST-1386,37.603096,127.013504,10,3
ST-1424,37.592842,127.002121,20,1
ST-1454,37.585098,127.019676,10,1
ST-1455,37.583752,127.02195,15,4
ST-1456,37.590172,127.004089,10,1
ST-1457,37.593361,126.999092,15,3
ST-1458,37.59972,127.040382,10,3
ST-1459,37.603512,127.02256,15,3
ST-1460,37.59148,127.020103,10,3
ST-1633,37.609131,127.030029,15,0
ST-1634,37.59454,126.995209,20,3
ST-1636,37.586559,127.03196,15,2
ST-1637,37.602291,127.038979,8,0
ST-558,37.614738,127.076363,15,1
ST-561,37.600071,127.102333,10,1
ST-566,37.59425,127.076576,15,1
ST-599,37.595299,127.080032,10,3
ST-568,37.599098,127.092949,10,3
ST-569,37.606251,127.108269,10,3
ST-847,37.611511,127.077888,10,1
ST-570,37.610722,127.077477,10,1
ST-573,37.577782,127.090187,10,0
ST-912,37.592541,127.086739,10,3
ST-575,37.590961,127.087067,10,3
ST-577,37.617561,127.090309,10,3
ST-849,37.581646,127.088432,10,4
ST-850,37.595219,127.085999,10,0
ST-583,37.617439,127.109016,15,1
ST-585,37.614231,127.096764,15,3
ST-586,37.612461,127.103378,20,3
ST-587,37.620098,127.106461,10,3
ST-588,37.606312,127.107742,10,3
ST-590,37.573589,127.086823,15,3
ST-852,37.574299,127.086914,10,0
ST-853,37.616024,127.085968,10,0
ST-854,37.599957,127.080002,15,3
ST-855,37.606152,127.092598,20,3
ST-856,37.606499,127.095451,10,1
ST-857,37.602077,127.079582,10,100
ST-592,37.579868,127.082367,15,1
ST-593,37.608681,127.100792,15,3
ST-594,37.605881,127.100632,15,1
ST-595,37.58342,127.079926,15,3
ST-596,37.616169,127.093483,15,0
ST-942,37.586372,127.08007,10,1
ST-584,37.616711,127.110733,15,4
ST-1093,37.598591,127.079819,8,1
ST-1094,37.59552,127.098778,10,3
ST-1095,37.574028,127.080544,10,100
ST-1096,37.579941,127.079399,10,3
ST-1097,37.591301,127.08033,10,4
ST-1098,37.588902,127.08728,15,0
ST-1099,37.597321,127.089798,15,0
ST-1332,37.596558,127.085838,15,0
ST-1333,37.619625,127.085014,10,3
ST-1334,37.592758,127.07267,10,100
ST-1335,37.585655,127.07505,15,4
ST-1345,37.604603,127.109253,9,3
ST-1346,37.607349,127.07859,10,100
ST-1375,37.596329,127.085899,10,0
ST-1380,37.595112,127.100327,10,1
ST-1381,37.58976,127.093239,10,1
ST-1451,37.59734,127.093086,9,1
ST-1452,37.580349,127.092651,10,3
ST-600,37.615299,127.064468,20,3
ST-913,37.622662,127.061897,15,0
ST-601,37.624859,127.05014,10,1
ST-866,37.631622,127.061615,10,3
ST-602,37.619171,127.074928,10,3
ST-735,37.626614,127.072754,10,100
ST-603,37.620369,127.083641,20,3
ST-604,37.62994,127.076553,20,0
ST-605,37.635109,127.068329,10,100
ST-606,37.63715,127.063271,20,1
ST-736,37.649021,127.076408,10,100
ST-867,37.648209,127.070221,10,1
ST-607,37.638649,127.066292,20,0
ST-914,37.66,127.072968,20,3
ST-915,37.676941,127.055099,12,0
ST-868,37.673618,127.055252,10,4
ST-869,37.67625,127.055504,10,3
ST-608,37.669079,127.077591,15,1
ST-609,37.67271,127.08316,11,3
ST-610,37.649212,127.061768,10,0
ST-611,37.654701,127.0634,15,2
ST-612,37.680313,127.055069,10,1
ST-971,37.623863,127.068489,10,1
ST-970,37.621555,127.069511,15,1
ST-964,37.625435,127.088493,7,3
ST-1111,37.617367,127.075211,10,3
ST-1114,37.638489,127.107903,20,3
ST-1118,37.63958,127.065102,20,3
ST-1119,37.672375,127.055992,20,3
ST-1120,37.68,127.05558,10,3
ST-1121,37.6562,127.063622,10,100
ST-1122,37.663792,127.075447,15,3
ST-1123,37.631111,127.07016,15,100
ST-1124,37.654999,127.067436,10,100
ST-1125,37.654049,127.057327,10,2
ST-1127,37.65033,127.071602,10,1
ST-1128,37.642071,127.076622,8,3
ST-1278,37.649639,127.065605,10,3
ST-1279,37.654114,127.059151,15,2
ST-1280,37.619381,127.057854,20,2
ST-1281,37.649361,127.070442,10,3
ST-1282,37.647335,127.076424,10,3
ST-1283,37.655781,127.071777,10,4
ST-1284,37.654499,127.074387,10,4
ST-1285,37.645508,127.063255,10,100
ST-1286,37.643528,127.065224,9,3
ST-1287,37.64341,127.071838,15,3
ST-1288,37.629349,127.054825,15,0
ST-1289,37.688599,127.053406,15,1
ST-1290,37.653976,127.060974,10,100
ST-1291,37.653549,127.058083,15,0
ST-1348,37.626942,127.05513,14,3
ST-1349,37.623165,127.0905,10,0
ST-1394,37.648438,127.064445,15,0
ST-1395,37.64283,127.106667,15,3
ST-1396,37.642654,127.108383,10,3
ST-1425,37.645802,127.08226,12,4
ST-1426,37.656799,127.077606,13,1
ST-1473,37.650459,127.080887,10,4
ST-1474,37.61832,127.07563,20,0
ST-1475,37.64819,127.080482,8,4
ST-1476,37.66114,127.058052,10,1
ST-1639,37.665661,127.057297,9,4
ST-1640,37.665249,127.057892,10,3
ST-1641,37.65773,127.059311,10,0
ST-1642,37.660709,127.065331,10,0
ST-1672,37.664188,127.06601,10,1
ST-1740,37.628189,127.082108,15,3
ST-613,37.646172,127.05056,10,1
ST-657,37.68972,127.045197,15,3
ST-614,37.669224,127.046516,8,0
ST-916,37.665665,127.042671,10,1
ST-615,37.654461,127.038513,15,0
ST-658,37.65683,127.039848,8,4
ST-616,37.650127,127.035347,15,0
ST-617,37.654049,127.050201,15,0
ST-1129,37.647266,127.025879,10,3
ST-1130,37.64463,127.044609,10,0
ST-1131,37.653179,127.012787,20,0
ST-1132,37.654202,127.050728,10,0
ST-1133,37.655708,127.050102,15,3
ST-1135,37.673283,127.043991,10,1
ST-1136,37.668671,127.047981,27,3
ST-1137,37.653015,127.046997,12,100
ST-1292,37.657799,127.050049,15,3
ST-1293,37.662079,127.027718,10,1
ST-1295,37.647503,127.043312,10,1
ST-1296,37.658588,127.03521,8,4
ST-1297,37.678677,127.040764,15,3
ST-1434,37.677666,127.046242,15,3
ST-1461,37.68401,127.045792,10,1
ST-1462,37.687592,127.045502,10,3
ST-1463,37.6875,127.042557,15,3
ST-1464,37.667599,127.042999,10,3
ST-1465,37.662979,127.041939,12,1
ST-1466,37.65815,127.032669,10,4
ST-1467,37.679119,127.044983,13,3
ST-1468,37.652241,127.037064,12,3
ST-1469,37.639702,127.038834,8,100
ST-1470,37.646309,127.052742,10,100
ST-1471,37.638859,127.041176,5,1
ST-1638,37.645199,127.032982,15,1
ST-1726,37.648891,127.023018,10,100
ST-619,37.46653,126.888718,10,1
ST-620,37.482288,126.877769,10,2
ST-621,37.486214,126.878639,10,2
ST-622,37.473209,126.884941,20,2
ST-623,37.470779,126.885155,10,2
ST-624,37.479031,126.887299,10,0
ST-625,37.47422,126.894127,8,1
ST-626,37.446861,126.903831,20,3
ST-642,37.456478,126.895927,10,0
ST-628,37.44334,126.903358,10,3
ST-629,37.451458,126.902115,10,3
ST-630,37.452991,126.900909,10,3
ST-631,37.458912,126.89859,20,3
ST-632,37.46455,126.883728,15,4
ST-633,37.4547,126.891052,10,1
ST-634,37.456841,126.888344,20,3
ST-660,37.455849,126.893143,20,1
ST-635,37.475319,126.898888,10,1
ST-636,37.469139,126.897202,10,1
ST-637,37.47023,126.895073,15,3
ST-638,37.4725,126.897957,10,1
ST-639,37.466541,126.890282,10,3
ST-640,37.479084,126.879044,15,100
ST-641,37.47707,126.88443,10,0
ST-661,37.467403,126.908142,7,3
ST-1140,37.477058,126.885185,20,2
ST-1141,37.475101,126.888069,20,0
ST-1142,37.476952,126.891869,10,1
ST-1143,37.462574,126.90686,15,3
ST-1144,37.477097,126.911133,10,1
ST-1146,37.460289,126.892189,15,1
ST-1147,37.460171,126.896042,15,100
ST-1148,37.461033,126.8871,10,3
ST-1149,37.476276,126.885391,10,100
ST-1276,37.481354,126.88694,10,3
ST-1277,37.48016,126.886368,10,0
ST-1403,37.481232,126.881485,10,0
ST-1533,37.451771,126.913399,10,1
ST-1534,37.472481,126.895866,10,3
ST-1535,37.47818,126.897408,10,1
ST-1536,37.451321,126.897621,10,3
ST-1537,37.478409,126.907372,10,4
ST-1538,37.46056,126.887093,15,1
ST-1648,37.437271,126.902687,10,1
ST-1734,37.467999,126.886841,20,0
ST-662,37.507332,126.87973,10,1
ST-663,37.51424,126.882874,10,1
ST-664,37.50972,126.890099,20,2
ST-665,37.489632,126.876259,12,1
ST-666,37.495285,126.872162,10,1
ST-667,37.497505,126.884377,5,3
ST-668,37.48494,126.901321,10,100
ST-669,37.4888,126.890663,10,3
ST-670,37.491032,126.892151,10,3
ST-918,37.494339,126.894104,10,3
ST-671,37.494141,126.889984,10,3
ST-673,37.504379,126.888298,10,3
ST-674,37.478741,126.895096,10,1
ST-919,37.499889,126.867699,20,3
ST-675,37.49947,126.868401,10,3
ST-676,37.505135,126.85276,10,0
ST-677,37.497684,126.853729,7,1
ST-920,37.494995,126.858253,10,1
ST-678,37.501583,126.84687,10,100
ST-870,37.494282,126.859215,10,3
ST-679,37.486061,126.852013,15,1
ST-871,37.493938,126.844055,10,3
ST-872,37.49279,126.824524,10,3
ST-873,37.503117,126.880386,10,0
ST-874,37.480289,126.8395,20,3
ST-875,37.482105,126.845726,15,1
ST-876,37.486385,126.839211,20,3
ST-936,37.482883,126.901039,10,2
ST-1218,37.51001,126.88205,10,1
ST-1219,37.493401,126.874329,15,4
ST-1220,37.495781,126.890121,10,1
ST-1221,37.496456,126.889587,10,3
ST-1222,37.50285,126.889481,10,1
ST-1223,37.508194,126.891304,15,100
ST-1224,37.481602,126.892799,15,2
ST-1226,37.49789,126.864502,10,0
ST-1227,37.497231,126.859192,15,3
ST-1228,37.496498,126.863098,10,1
ST-1229,37.505138,126.844337,10,3
ST-1230,37.498482,126.847504,12,3
ST-1231,37.501904,126.828964,10,3
ST-1233,37.490723,126.826393,10,3
ST-1235,37.488598,126.836494,10,3
ST-1236,37.50518,126.882538,10,0
ST-1237,37.492271,126.89521,10,3
ST-1238,37.48568,126.886703,10,3
ST-1239,37.48621,126.838821,15,2
ST-1241,37.492031,126.873772,10,1
ST-1243,37.479431,126.842697,10,4
ST-1273,37.502548,126.883881,10,3
ST-1274,37.495266,126.888474,10,0
ST-1275,37.498516,126.891991,20,1
ST-1521,37.484859,126.895187,15,100
ST-1522,37.490341,126.860931,15,4
ST-1523,37.50605,126.860786,20,1
ST-1526,37.496761,126.844963,10,4
ST-1527,37.491798,126.83242,19,3
ST-1528,37.48938,126.834198,10,3
ST-1529,37.496998,126.87178,10,1
ST-1531,37.495399,126.87101,20,1
ST-1696,37.498569,126.871521,8,0
ST-1732,37.495258,126.830658,15,3
ST-1733,37.512329,126.886833,15,3
ST-683,37.512844,126.952469,20,4
ST-877,37.513359,126.948059,10,3
ST-685,37.512939,126.934242,20,3
ST-686,37.509369,126.92807,10,1
ST-726,37.500076,126.921082,10,3
ST-727,37.488361,126.906227,10,3
ST-687,37.505852,126.939362,30,3
ST-728,37.499855,126.929565,10,100
ST-688,37.499645,126.927094,10,4
ST-690,37.504498,126.938988,10,1
ST-691,37.502178,126.948204,10,3
ST-692,37.50938,126.963615,15,4
ST-932,37.509056,126.963249,10,3
ST-693,37.507042,126.959152,15,0
ST-923,37.485508,126.981621,10,0
ST-729,37.481491,126.981583,10,1
ST-924,37.476891,126.980576,20,1
ST-694,37.494705,126.982391,20,3
ST-695,37.503189,126.97715,20,3
ST-696,37.503181,126.976089,10,3
ST-697,37.506359,126.969078,10,3
ST-731,37.486835,126.968048,10,3
ST-732,37.488453,126.974213,10,100
ST-699,37.513248,126.939972,10,100
ST-700,37.510548,126.944847,10,1
ST-733,37.494499,126.916527,10,3
ST-701,37.500881,126.94175,10,3
ST-1150,37.513523,126.943527,10,0
ST-1151,37.497078,126.917793,10,0
ST-1152,37.484631,126.97155,10,100
ST-1153,37.505928,126.969231,10,3
ST-1154,37.486652,126.967842,10,3
ST-1354,37.512901,126.926613,15,0
ST-1355,37.505356,126.966179,10,3
ST-1356,37.51199,126.927086,15,3
ST-1542,37.489399,126.907112,10,2
ST-1543,37.497669,126.919868,10,3
ST-1544,37.488159,126.966476,12,3
ST-1667,37.496601,126.953682,7,0
ST-1545,37.51392,126.943069,12,0
ST-1742,37.488869,126.971909,10,3
ST-286,37.496513,126.914803,20,3
ST-702,37.48423,126.926392,20,3
ST-703,37.489178,126.919273,10,100
ST-712,37.476089,126.981331,13,1
ST-704,37.480251,126.914604,12,1
ST-705,37.473728,126.918404,12,100
ST-713,37.475471,126.936455,25,100
ST-714,37.483341,126.943199,20,1
ST-882,37.486225,126.935829,15,4
ST-950,37.483192,126.902031,9,0
ST-965,37.480869,126.953316,10,0
ST-715,37.481339,126.950645,15,3
ST-934,37.484661,126.9039,10,0
ST-883,37.479916,126.90284,15,1
ST-717,37.481705,126.950829,9,3
ST-884,37.484257,126.954697,10,1
ST-719,37.478058,126.960495,20,3
ST-707,37.464886,126.919479,10,1
ST-720,37.479164,126.952583,12,3
ST-721,37.469055,126.958145,10,0
ST-722,37.47197,126.958763,15,3
ST-708,37.484409,126.928909,9,2
ST-976,37.484577,126.929916,8,100
ST-723,37.484901,126.936531,10,3
ST-951,37.471165,126.937019,10,100
ST-724,37.478428,126.931862,12,100
ST-885,37.472294,126.933411,12,3
ST-886,37.470695,126.9422,10,1
ST-709,37.477776,126.916756,15,3
ST-725,37.486359,126.942924,12,1
ST-887,37.477028,126.963394,10,3
ST-710,37.485142,126.920563,10,1
ST-952,37.480721,126.909325,12,1
ST-711,37.4818,126.915237,10,3
ST-1156,37.47509,126.959229,10,3
ST-1157,37.478626,126.951294,15,3
ST-1259,37.484768,126.932877,8,1
ST-1260,37.476482,126.965363,10,3
ST-1262,37.476295,126.964958,12,3
ST-1264,37.482189,126.942131,7,1
ST-1265,37.481529,126.912033,10,1
ST-1337,37.481548,126.952003,17,0
ST-1267,37.469406,126.944511,20,0
ST-1268,37.48975,126.927467,10,0
ST-1269,37.488564,126.928482,10,3
ST-1270,37.487301,126.928703,10,3
ST-1357,37.488991,126.916382,15,1
ST-1546,37.487129,126.913017,19,0
ST-1547,37.46682,126.948807,15,2
ST-1548,37.482189,126.946159,10,3
ST-1549,37.487511,126.927788,10,1
ST-1678,37.471828,126.933922,20,100
ST-1702,37.489491,126.945923,10,1
ST-741,37.453281,127.051483,20,3
ST-742,37.448936,127.054375,20,2
ST-925,37.447659,127.055016,20,3
ST-743,37.453751,127.05938,15,1
ST-744,37.454399,127.062309,20,4
ST-926,37.454407,127.064926,9,3
ST-745,37.505096,127.013107,15,3
ST-927,37.502636,127.012314,10,3
ST-746,37.500961,127.017929,20,3
ST-747,37.502232,127.002258,20,0
ST-748,37.504116,126.99749,15,1
ST-928,37.501713,126.995476,10,3
ST-749,37.513046,127.005959,20,4
ST-750,37.506199,127.003944,20,100
ST-751,37.500614,126.98616,10,4
ST-752,37.485611,126.994682,15,3
ST-753,37.478069,126.982033,10,100
ST-754,37.47261,126.983009,20,3
ST-755,37.473759,126.995247,15,3
ST-756,37.475182,127.001389,15,3
ST-757,37.489052,126.992523,15,3
ST-758,37.489586,126.986725,20,1
ST-759,37.487011,126.984962,10,3
ST-760,37.485828,126.982628,20,1
ST-761,37.496914,127.024963,15,2
ST-762,37.491112,127.022957,20,3
ST-763,37.482159,127.002701,15,3
ST-764,37.484558,127.01487,20,0
ST-765,37.494217,127.013786,10,0
ST-766,37.485378,127.041702,10,0
ST-768,37.481491,127.036728,15,0
ST-769,37.477852,127.03891,20,0
ST-770,37.473614,127.03051,20,3
ST-889,37.4692,127.029007,15,0
ST-771,37.462639,127.026619,25,1
ST-929,37.459953,127.024742,10,4
ST-880,37.456234,127.019348,10,1
ST-881,37.455799,127.016289,10,4
ST-781,37.467506,127.034477,10,3
ST-890,37.463322,127.036041,25,2
ST-772,37.47044,127.038857,25,0
ST-773,37.46769,127.040359,10,0
ST-774,37.462688,127.046112,10,0
ST-775,37.471539,127.050591,20,3
ST-780,37.512989,127.011177,15,3
ST-776,37.516598,127.00959,20,4
ST-879,37.471928,127.02684,20,3
ST-935,37.488556,126.982574,9,4
ST-949,37.494106,126.982994,25,3
ST-1158,37.49054,127.008163,15,3
ST-1160,37.502319,127.02227,10,3
ST-1161,37.510349,127.016052,10,3
ST-1162,37.448967,127.057739,10,3
ST-1164,37.487309,127.010582,10,0
ST-1165,37.477829,127.038269,10,0
ST-1166,37.46965,127.039612,10,3
ST-1167,37.461578,127.048798,10,3
ST-1168,37.474388,127.038902,15,3
ST-1305,37.493618,127.014183,10,0
ST-1306,37.484161,127.010971,10,3
ST-1307,37.475979,126.986282,7,3
ST-1308,37.477203,127.005836,15,3
ST-1309,37.486526,126.989166,10,3
ST-1310,37.468102,126.986801,10,0
ST-1311,37.457424,127.022652,15,1
ST-1312,37.458549,127.055885,10,3
ST-1313,37.45562,127.067101,10,3
ST-1314,37.455608,127.064453,10,3
ST-1315,37.464298,126.988525,10,3
ST-1316,37.499413,126.999413,10,0
ST-1359,37.488243,127.027016,15,3
ST-1360,37.484798,127.036995,10,0
ST-1361,37.475906,127.046242,15,1
ST-1404,37.485672,127.015923,10,3
ST-1405,37.502411,127.021606,12,3
ST-1406,37.486469,127.028061,12,3
ST-1552,37.450661,127.05706,10,4
ST-1553,37.491951,127.008553,9,0
ST-1554,37.503811,127.021362,10,3
ST-1555,37.515881,127.019302,10,3
ST-1556,37.493259,127.029533,12,0
ST-1557,37.479092,126.990677,10,3
ST-1654,37.482979,127.042259,10,0
ST-1655,37.498371,126.992462,16,0
ST-1735,37.48304,127.021461,8,3
ST-1739,37.483662,126.982323,20,3
